Date,Category,City,State,Sales
2022-06-13,Shirt,MUMBAI,MAHARASHTRA,3733.6
2022-03-04,Trousers,CHENNAI,TAMIL NADU,3708.71
2022-06-23,Watch,BENGALURU,KARNATAKA,2993.41
2022-01-09,T-shirt,BENGALURU,KARNATAKA,1171.33
2022-05-10,T-shirt,KOCHI,KERALA,1074.3
2022-06-16,Watch,PUNE,MAHARASHTRA,1180.16
2022-05-31,Perfume,BHOPAL,MADHYA PRADESH,4359.57
2022-02-10,Socks,NEW DELHI,DELHI,1461.57
2022-02-25,Wallet,BENGALURU,KARNATAKA,554.45
2022-01-25,Wallet,LUCKNOW,UTTAR PRADESH,1785.38
2022-03-09,T-shirt,SURAT,GUJARAT,2351.18
2022-02-01,Socks,BENGALURU,KARNATAKA,2805.0
2022-06-10,Wallet,AHMEDABAD,GUJARAT,1042.21
2022-01-18,T-shirt,JAIPUR,RAJASTHAN,1216.7
2022-03-16,Shirt,LUCKNOW,UTTAR PRADESH,1240.68
2022-01-26,Socks,KOLKATA,WEST BENGAL,2321.71
2022-04-04,Blazzer,NEW DELHI,DELHI,1840.83
2022-06-21,Perfume,SURAT,GUJARAT,4689.61
2022-06-15,Shirt,AHMEDABAD,GUJARAT,3211.39
2022-05-17,Trousers,CHENNAI,TAMIL NADU,2365.08
2022-03-11,Watch,HYDERABAD,TELANGANA,3454.61
2022-01-15,Trousers,LUCKNOW,UTTAR PRADESH,257.29
2022-03-22,Socks,KOLKATA,WEST BENGAL,424.32
2022-05-26,Wallet,HYDERABAD,TELANGANA,3311.65
2022-04-12,Shoes,CHENNAI,TAMIL NADU,1397.91
2022-03-05,Watch,KOCHI,KERALA,1387.43
2022-05-30,Socks,AHMEDABAD,GUJARAT,2057.06
2022-02-26,Blazzer,KOCHI,KERALA,2518.23
2022-01-13,Shirt,CHENNAI,TAMIL NADU,3174.49
2022-06-24,Socks,AHMEDABAD,GUJARAT,411.29
2022-04-08,Shoes,KOCHI,KERALA,1331.93
2022-05-22,T-shirt,JAIPUR,RAJASTHAN,3631.54
2022-06-24,Watch,BHOPAL,MADHYA PRADESH,1407.44
2022-06-14,Wallet,BENGALURU,KARNATAKA,1538.15
2022-02-10,Shoes,MUMBAI,MAHARASHTRA,4773.7
2022-03-09,Watch,BHOPAL,MADHYA PRADESH,975.39
2022-01-28,Perfume,LUCKNOW,UTTAR PRADESH,3230.85
2022-06-05,Trousers,CHENNAI,TAMIL NADU,1932.18
2022-02-11,Watch,BHOPAL,MADHYA PRADESH,4619.93
2022-01-01,Wallet,GURUGRAM,HARYANA,195.44
2022-04-03,Perfume,HYDERABAD,TELANGANA,383.83
2022-05-26,Shirt,BENGALURU,KARNATAKA,3686.35
2022-01-18,Watch,BHOPAL,MADHYA PRADESH,716.23
2022-06-18,Shoes,KOCHI,KERALA,909.12
2022-05-16,Socks,HYDERABAD,TELANGANA,4651.68
2022-06-26,Trousers,SURAT,GUJARAT,1627.41
2022-06-21,Wallet,GURUGRAM,HARYANA,4508.11
2022-04-26,Shirt,HYDERABAD,TELANGANA,1201.02
2022-03-28,T-shirt,AHMEDABAD,GUJARAT,2814.22
2022-05-31,Trousers,MUMBAI,MAHARASHTRA,447.87
2022-06-11,T-shirt,HYDERABAD,TELANGANA,430.26
2022-01-09,Wallet,BENGALURU,KARNATAKA,2619.36
2022-03-13,Shoes,HYDERABAD,TELANGANA,2742.25
2022-05-27,Shoes,HYDERABAD,TELANGANA,3944.64
2022-04-15,Trousers,BENGALURU,KARNATAKA,574.96
2022-04-21,Wallet,PUNE,MAHARASHTRA,2114.4
2022-01-14,Shirt,MUMBAI,MAHARASHTRA,2072.84
2022-03-28,Shirt,HYDERABAD,TELANGANA,1038.79
2022-05-18,Shoes,CHENNAI,TAMIL NADU,2167.22
2022-03-13,Shoes,HYDERABAD,TELANGANA,4384.98
2022-01-20,Shoes,BHOPAL,MADHYA PRADESH,4320.61
2022-05-21,Shirt,MUMBAI,MAHARASHTRA,3295.51
2022-05-19,T-shirt,BENGALURU,KARNATAKA,4639.2
2022-03-02,Blazzer,PUNE,MAHARASHTRA,2479.64
2022-02-24,Socks,MUMBAI,MAHARASHTRA,906.72
2022-01-01,Socks,KOLKATA,WEST BENGAL,4639.94
2022-04-27,Perfume,PUNE,MAHARASHTRA,3513.3
2022-05-23,Shoes,CHENNAI,TAMIL NADU,1030.5
2022-02-25,T-shirt,AHMEDABAD,GUJARAT,3705.11
2022-01-16,Wallet,MUMBAI,MAHARASHTRA,345.7
2022-05-03,Watch,LUCKNOW,UTTAR PRADESH,2702.52
2022-01-15,Watch,BENGALURU,KARNATAKA,4271.58
2022-01-18,Shirt,JAIPUR,RAJASTHAN,4322.91
2022-04-14,Shirt,AHMEDABAD,GUJARAT,1306.46
2022-06-02,T-shirt,AHMEDABAD,GUJARAT,501.72
2022-06-18,Watch,NEW DELHI,DELHI,4680.06
2022-02-22,Wallet,HYDERABAD,TELANGANA,1401.51
2022-02-03,Perfume,GURUGRAM,HARYANA,1649.27
2022-01-19,T-shirt,GURUGRAM,HARYANA,3143.68
2022-05-25,Shirt,BENGALURU,KARNATAKA,2734.41
2022-05-10,Perfume,CHENNAI,TAMIL NADU,4672.97
2022-01-18,Trousers,NEW DELHI,DELHI,1496.44
2022-04-23,Watch,SURAT,GUJARAT,1582.33
2022-06-17,Watch,MUMBAI,MAHARASHTRA,3372.53
2022-05-22,Perfume,JAIPUR,RAJASTHAN,607.57
2022-02-04,Perfume,BENGALURU,KARNATAKA,4459.59
2022-05-22,Blazzer,KOLKATA,WEST BENGAL,1480.61
2022-02-23,Wallet,HYDERABAD,TELANGANA,3468.74
2022-03-09,Watch,GURUGRAM,HARYANA,1330.49
2022-01-14,Shirt,JAIPUR,RAJASTHAN,2175.52
2022-03-12,T-shirt,MUMBAI,MAHARASHTRA,1734.43
2022-02-03,Perfume,CHENNAI,TAMIL NADU,3732.03
2022-05-22,Socks,KOCHI,KERALA,147.38
2022-01-20,Blazzer,KOCHI,KERALA,276.54
2022-04-05,Watch,CHENNAI,TAMIL NADU,2205.95
2022-01-11,Perfume,NEW DELHI,DELHI,4505.01
2022-01-11,Wallet,HYDERABAD,TELANGANA,3442.13
2022-06-20,Shirt,NEW DELHI,DELHI,3922.57
2022-04-15,Blazzer,HYDERABAD,TELANGANA,4336.57
2022-02-15,Socks,MUMBAI,MAHARASHTRA,978.87
2022-03-27,Socks,BHOPAL,MADHYA PRADESH,3382.54
2022-03-05,Perfume,CHENNAI,TAMIL NADU,3958.14
2022-01-28,Socks,LUCKNOW,UTTAR PRADESH,289.75
2022-05-01,Trousers,HYDERABAD,TELANGANA,4101.27
2022-04-28,Wallet,KOLKATA,WEST BENGAL,4120.63
2022-02-28,Trousers,MUMBAI,MAHARASHTRA,3334.16
2022-04-13,Wallet,KOLKATA,WEST BENGAL,4335.33
2022-03-13,Wallet,JAIPUR,RAJASTHAN,2596.09
2022-06-23,Watch,NEW DELHI,DELHI,4702.26
2022-01-30,Perfume,CHENNAI,TAMIL NADU,2944.89
2022-03-09,T-shirt,BENGALURU,KARNATAKA,3023.2
2022-03-30,Wallet,PUNE,MAHARASHTRA,3070.42
2022-05-11,Shirt,PUNE,MAHARASHTRA,4507.57
2022-02-18,Perfume,MUMBAI,MAHARASHTRA,3573.05
2022-01-01,Watch,BHOPAL,MADHYA PRADESH,2738.41
2022-06-21,Trousers,NEW DELHI,DELHI,2213.36
2022-06-20,Wallet,AHMEDABAD,GUJARAT,1638.19
2022-02-01,Perfume,KOCHI,KERALA,1615.49
2022-04-15,Wallet,PUNE,MAHARASHTRA,3516.32
2022-05-22,Blazzer,HYDERABAD,TELANGANA,2160.19
2022-04-08,Blazzer,AHMEDABAD,GUJARAT,2888.62
2022-04-14,Watch,LUCKNOW,UTTAR PRADESH,101.99
2022-03-15,Trousers,PUNE,MAHARASHTRA,3950.22
2022-06-05,Wallet,GURUGRAM,HARYANA,2264.75
2022-06-22,Trousers,KOCHI,KERALA,2418.61
2022-02-13,Shirt,KOLKATA,WEST BENGAL,2625.71
2022-06-12,Wallet,BENGALURU,KARNATAKA,4110.27
2022-03-02,Perfume,HYDERABAD,TELANGANA,4052.16
2022-02-07,T-shirt,MUMBAI,MAHARASHTRA,1299.73
2022-05-02,Shirt,GURUGRAM,HARYANA,2130.76
2022-06-11,Trousers,SURAT,GUJARAT,3512.14
2022-05-07,Socks,HYDERABAD,TELANGANA,823.1
2022-06-26,T-shirt,BHOPAL,MADHYA PRADESH,4316.16
2022-01-28,Socks,HYDERABAD,TELANGANA,961.84
2022-06-28,Watch,GURUGRAM,HARYANA,346.07
2022-03-05,Shirt,GURUGRAM,HARYANA,753.36
2022-04-29,Watch,KOCHI,KERALA,3017.72
2022-04-24,Watch,PUNE,MAHARASHTRA,4169.79
2022-05-21,Shoes,CHENNAI,TAMIL NADU,3743.91
2022-05-02,Shoes,KOLKATA,WEST BENGAL,3783.71
2022-06-13,Perfume,BHOPAL,MADHYA PRADESH,3910.61
2022-05-05,Trousers,KOLKATA,WEST BENGAL,2255.38
2022-03-15,Trousers,KOLKATA,WEST BENGAL,1745.65
2022-05-19,Shirt,CHENNAI,TAMIL NADU,839.07
2022-04-09,Blazzer,SURAT,GUJARAT,1148.37
2022-04-17,Socks,NEW DELHI,DELHI,2758.79
2022-04-17,T-shirt,HYDERABAD,TELANGANA,4181.17
2022-04-10,T-shirt,LUCKNOW,UTTAR PRADESH,4415.22
2022-05-28,Socks,GURUGRAM,HARYANA,128.89
2022-04-01,Perfume,BHOPAL,MADHYA PRADESH,2010.93
2022-04-18,Watch,SURAT,GUJARAT,3699.71
2022-06-04,Trousers,GURUGRAM,HARYANA,1175.17
2022-04-22,Shoes,MUMBAI,MAHARASHTRA,2005.4
2022-06-21,Socks,SURAT,GUJARAT,908.72
2022-04-30,Blazzer,AHMEDABAD,GUJARAT,2717.21
2022-04-11,T-shirt,BENGALURU,KARNATAKA,3249.47
2022-02-04,Shoes,CHENNAI,TAMIL NADU,346.39
2022-04-08,Wallet,HYDERABAD,TELANGANA,2328.03
2022-03-28,Socks,KOLKATA,WEST BENGAL,3784.85
2022-04-18,Perfume,LUCKNOW,UTTAR PRADESH,501.34
2022-01-05,Watch,MUMBAI,MAHARASHTRA,4999.55
2022-03-31,Trousers,JAIPUR,RAJASTHAN,436.23
2022-06-16,T-shirt,BHOPAL,MADHYA PRADESH,252.05
2022-03-05,Trousers,LUCKNOW,UTTAR PRADESH,199.86
2022-02-09,Trousers,CHENNAI,TAMIL NADU,2420.45
2022-01-30,Trousers,GURUGRAM,HARYANA,3527.38
2022-04-05,Blazzer,AHMEDABAD,GUJARAT,3075.51
2022-01-30,Blazzer,KOLKATA,WEST BENGAL,629.68
2022-01-07,Perfume,AHMEDABAD,GUJARAT,3419.0
2022-04-07,Socks,SURAT,GUJARAT,1071.82
2022-06-01,Trousers,BENGALURU,KARNATAKA,3516.25
2022-03-19,Shirt,BHOPAL,MADHYA PRADESH,4920.84
2022-01-11,Wallet,KOCHI,KERALA,2199.05
2022-04-05,Shirt,KOCHI,KERALA,3272.96
2022-01-04,Socks,LUCKNOW,UTTAR PRADESH,2501.99
2022-04-21,Wallet,JAIPUR,RAJASTHAN,4468.72
2022-04-28,Blazzer,PUNE,MAHARASHTRA,963.07
2022-05-14,Perfume,AHMEDABAD,GUJARAT,4060.18
2022-05-18,Shoes,GURUGRAM,HARYANA,2234.32
2022-06-01,Perfume,NEW DELHI,DELHI,4273.39
2022-01-23,Perfume,GURUGRAM,HARYANA,1294.93
2022-04-29,Socks,NEW DELHI,DELHI,240.63
2022-03-25,Blazzer,GURUGRAM,HARYANA,1139.39
2022-03-08,Wallet,KOLKATA,WEST BENGAL,4413.57
2022-06-29,Perfume,KOCHI,KERALA,149.74
2022-02-18,Shirt,HYDERABAD,TELANGANA,3628.37
2022-05-06,Watch,BHOPAL,MADHYA PRADESH,1277.59
2022-05-02,Shoes,GURUGRAM,HARYANA,3985.37
2022-01-24,Perfume,HYDERABAD,TELANGANA,2081.57
2022-03-04,Perfume,JAIPUR,RAJASTHAN,2949.62
2022-05-02,Watch,KOCHI,KERALA,1784.41
2022-05-21,Wallet,NEW DELHI,DELHI,3543.99
2022-03-11,Perfume,KOLKATA,WEST BENGAL,1229.64
2022-02-19,Wallet,BENGALURU,KARNATAKA,3740.12
2022-06-26,Blazzer,HYDERABAD,TELANGANA,1160.28
2022-05-04,Perfume,SURAT,GUJARAT,2988.98
2022-05-15,Perfume,BENGALURU,KARNATAKA,4179.88
2022-03-17,Trousers,NEW DELHI,DELHI,979.26
2022-01-04,Watch,CHENNAI,TAMIL NADU,1444.13
2022-01-14,Watch,KOLKATA,WEST BENGAL,3517.35
2022-02-02,Shoes,BENGALURU,KARNATAKA,4376.33
2022-05-27,Perfume,GURUGRAM,HARYANA,2445.7
2022-03-29,Blazzer,MUMBAI,MAHARASHTRA,1337.14
2022-05-03,Shirt,LUCKNOW,UTTAR PRADESH,420.18
2022-05-06,Shirt,AHMEDABAD,GUJARAT,3184.28
2022-01-14,Blazzer,CHENNAI,TAMIL NADU,4074.6
2022-03-19,Shirt,HYDERABAD,TELANGANA,680.41
2022-04-17,Trousers,BHOPAL,MADHYA PRADESH,2660.61
2022-04-26,Shoes,KOLKATA,WEST BENGAL,4314.82
2022-04-20,Perfume,AHMEDABAD,GUJARAT,3143.03
2022-06-06,Shirt,BHOPAL,MADHYA PRADESH,1118.16
2022-02-24,Perfume,JAIPUR,RAJASTHAN,497.82
2022-03-03,Blazzer,KOCHI,KERALA,467.82
2022-01-01,Socks,GURUGRAM,HARYANA,3477.92
2022-05-01,Perfume,MUMBAI,MAHARASHTRA,1234.23
2022-06-30,Perfume,SURAT,GUJARAT,4312.07
2022-01-19,Trousers,KOLKATA,WEST BENGAL,3960.36
2022-06-10,Trousers,PUNE,MAHARASHTRA,662.4
2022-02-27,Blazzer,KOLKATA,WEST BENGAL,4150.49
2022-01-19,T-shirt,CHENNAI,TAMIL NADU,3983.88
2022-06-02,Perfume,GURUGRAM,HARYANA,709.33
2022-06-26,Perfume,SURAT,GUJARAT,2072.29
2022-03-11,Watch,KOCHI,KERALA,2519.6
2022-01-21,T-shirt,PUNE,MAHARASHTRA,3699.22
2022-06-04,Perfume,MUMBAI,MAHARASHTRA,547.5
2022-06-22,T-shirt,BHOPAL,MADHYA PRADESH,3394.18
2022-03-10,T-shirt,BHOPAL,MADHYA PRADESH,3805.72
2022-05-01,Watch,JAIPUR,RAJASTHAN,2266.92
2022-03-13,Blazzer,AHMEDABAD,GUJARAT,2235.84
2022-05-06,Shirt,GURUGRAM,HARYANA,1805.01
2022-03-27,Wallet,JAIPUR,RAJASTHAN,612.54
2022-02-11,Wallet,PUNE,MAHARASHTRA,3499.0
2022-03-15,Socks,LUCKNOW,UTTAR PRADESH,3826.45
2022-01-10,Shoes,BENGALURU,KARNATAKA,1641.13
2022-03-24,Shirt,BHOPAL,MADHYA PRADESH,2080.46
2022-05-12,T-shirt,JAIPUR,RAJASTHAN,4359.9
2022-04-29,Socks,MUMBAI,MAHARASHTRA,1019.15
2022-04-03,Shoes,JAIPUR,RAJASTHAN,2266.0
2022-01-14,Trousers,KOLKATA,WEST BENGAL,2791.18
2022-03-15,Shoes,SURAT,GUJARAT,2475.09
2022-01-08,Trousers,SURAT,GUJARAT,876.05
2022-05-22,T-shirt,KOCHI,KERALA,2099.15
2022-02-27,Shirt,GURUGRAM,HARYANA,4740.6
2022-06-15,Blazzer,GURUGRAM,HARYANA,4670.0
2022-03-16,Watch,SURAT,GUJARAT,1439.78
2022-05-04,Shoes,HYDERABAD,TELANGANA,2338.25
2022-02-07,Socks,HYDERABAD,TELANGANA,4617.15
2022-05-11,Blazzer,LUCKNOW,UTTAR PRADESH,442.07
2022-04-17,Wallet,BHOPAL,MADHYA PRADESH,2587.91
2022-01-01,Perfume,SURAT,GUJARAT,1562.92
2022-05-31,Shoes,LUCKNOW,UTTAR PRADESH,828.12
2022-05-18,Shoes,NEW DELHI,DELHI,1728.96
2022-05-20,Socks,GURUGRAM,HARYANA,4670.98
2022-02-18,Trousers,AHMEDABAD,GUJARAT,1976.56
2022-04-16,T-shirt,NEW DELHI,DELHI,3749.06
2022-06-30,Socks,PUNE,MAHARASHTRA,4943.23
2022-06-16,Blazzer,GURUGRAM,HARYANA,4827.64
2022-02-02,Watch,AHMEDABAD,GUJARAT,1726.77
2022-01-26,Shoes,BENGALURU,KARNATAKA,2677.16
2022-04-27,T-shirt,SURAT,GUJARAT,806.36
2022-06-17,Blazzer,BENGALURU,KARNATAKA,2400.5
2022-03-09,Wallet,AHMEDABAD,GUJARAT,3494.25
2022-06-16,Shirt,LUCKNOW,UTTAR PRADESH,1709.97
2022-06-22,Watch,PUNE,MAHARASHTRA,4775.28
2022-06-10,Shoes,LUCKNOW,UTTAR PRADESH,2750.98
2022-06-08,Shirt,HYDERABAD,TELANGANA,3192.69
2022-03-15,Trousers,SURAT,GUJARAT,542.86
2022-01-26,Shirt,GURUGRAM,HARYANA,915.19
2022-03-18,T-shirt,MUMBAI,MAHARASHTRA,1689.44
2022-01-15,Perfume,NEW DELHI,DELHI,1936.72
2022-02-07,Trousers,KOCHI,KERALA,2119.05
2022-06-24,Blazzer,CHENNAI,TAMIL NADU,957.84
2022-06-06,Socks,AHMEDABAD,GUJARAT,3447.36
2022-05-08,Blazzer,HYDERABAD,TELANGANA,2359.63
2022-03-07,Shoes,KOLKATA,WEST BENGAL,3367.52
2022-04-30,Perfume,JAIPUR,RAJASTHAN,2778.33
2022-01-19,Shoes,NEW DELHI,DELHI,4939.49
2022-03-18,Socks,SURAT,GUJARAT,1325.48
2022-03-19,Trousers,PUNE,MAHARASHTRA,4281.34
2022-01-28,Trousers,PUNE,MAHARASHTRA,2902.42
2022-05-28,Perfume,SURAT,GUJARAT,1546.63
2022-06-18,Socks,KOLKATA,WEST BENGAL,139.68
2022-06-25,T-shirt,AHMEDABAD,GUJARAT,3751.34
2022-03-15,Trousers,AHMEDABAD,GUJARAT,4029.47
2022-02-26,Trousers,AHMEDABAD,GUJARAT,1328.07
2022-06-18,Blazzer,JAIPUR,RAJASTHAN,576.1
2022-06-10,T-shirt,KOLKATA,WEST BENGAL,3964.19
2022-01-09,Wallet,SURAT,GUJARAT,743.92
2022-03-17,Wallet,SURAT,GUJARAT,2135.97
2022-02-21,Blazzer,BHOPAL,MADHYA PRADESH,2743.1
2022-04-04,Watch,KOCHI,KERALA,4576.09
2022-02-12,Perfume,LUCKNOW,UTTAR PRADESH,4726.52
2022-03-17,Wallet,BHOPAL,MADHYA PRADESH,664.33
2022-01-20,Blazzer,BHOPAL,MADHYA PRADESH,4835.85
2022-06-23,Socks,LUCKNOW,UTTAR PRADESH,4042.48
2022-04-04,Shirt,BHOPAL,MADHYA PRADESH,2033.42
2022-03-09,Watch,BENGALURU,KARNATAKA,2328.45
2022-06-22,Perfume,AHMEDABAD,GUJARAT,1967.02
2022-06-13,Wallet,BENGALURU,KARNATAKA,3406.7
2022-05-01,T-shirt,AHMEDABAD,GUJARAT,4432.75
2022-05-24,Wallet,AHMEDABAD,GUJARAT,1184.7
2022-01-17,Shoes,SURAT,GUJARAT,1580.73
2022-04-15,Shirt,CHENNAI,TAMIL NADU,322.2
2022-01-10,Perfume,GURUGRAM,HARYANA,668.99
2022-03-02,Watch,CHENNAI,TAMIL NADU,2004.36
2022-04-05,Watch,PUNE,MAHARASHTRA,2977.97
2022-02-09,Socks,JAIPUR,RAJASTHAN,585.21
2022-05-06,Socks,KOLKATA,WEST BENGAL,260.31
2022-04-05,Trousers,GURUGRAM,HARYANA,2279.01
2022-03-02,Wallet,BENGALURU,KARNATAKA,4906.55
2022-04-05,Watch,JAIPUR,RAJASTHAN,1857.5
2022-04-12,Perfume,HYDERABAD,TELANGANA,4844.21
2022-04-27,Shirt,JAIPUR,RAJASTHAN,1139.32
2022-06-13,T-shirt,MUMBAI,MAHARASHTRA,3955.29
2022-03-04,Blazzer,BHOPAL,MADHYA PRADESH,2866.43
2022-01-18,Watch,HYDERABAD,TELANGANA,2973.28
2022-03-01,Wallet,BHOPAL,MADHYA PRADESH,823.02
2022-06-02,T-shirt,KOLKATA,WEST BENGAL,4306.19
2022-02-07,Blazzer,KOCHI,KERALA,1328.21
2022-02-14,Shirt,JAIPUR,RAJASTHAN,4345.59
2022-02-03,T-shirt,NEW DELHI,DELHI,3970.92
2022-03-02,Wallet,MUMBAI,MAHARASHTRA,953.81
2022-01-14,Blazzer,SURAT,GUJARAT,2162.71
2022-01-30,Shirt,GURUGRAM,HARYANA,2296.55
2022-04-03,Watch,AHMEDABAD,GUJARAT,634.36
2022-05-09,Trousers,AHMEDABAD,GUJARAT,312.49
2022-06-18,Watch,KOLKATA,WEST BENGAL,2344.41
2022-01-08,T-shirt,GURUGRAM,HARYANA,4251.76
2022-04-20,Shirt,GURUGRAM,HARYANA,3590.77
2022-04-24,Shirt,BENGALURU,KARNATAKA,1678.35
2022-02-07,Shirt,CHENNAI,TAMIL NADU,1447.58
2022-06-12,Watch,SURAT,GUJARAT,1693.41
2022-06-02,Watch,KOLKATA,WEST BENGAL,2323.21
2022-06-04,Socks,BENGALURU,KARNATAKA,3986.17
2022-01-30,Watch,SURAT,GUJARAT,4340.91
2022-04-21,Shoes,HYDERABAD,TELANGANA,2127.69
2022-04-27,Socks,PUNE,MAHARASHTRA,3675.1
2022-03-22,Socks,NEW DELHI,DELHI,3359.03
2022-04-06,Blazzer,JAIPUR,RAJASTHAN,4622.63
2022-01-18,Shirt,LUCKNOW,UTTAR PRADESH,518.29
2022-04-21,Shirt,SURAT,GUJARAT,3720.1
2022-02-03,Watch,MUMBAI,MAHARASHTRA,2973.68
2022-05-24,Watch,NEW DELHI,DELHI,3383.06
2022-04-16,Wallet,LUCKNOW,UTTAR PRADESH,3360.17
2022-04-19,T-shirt,KOLKATA,WEST BENGAL,3042.01
2022-04-01,Shirt,AHMEDABAD,GUJARAT,2586.32
2022-02-09,Shoes,HYDERABAD,TELANGANA,4251.65
2022-03-31,Watch,NEW DELHI,DELHI,662.94
2022-03-13,Trousers,BHOPAL,MADHYA PRADESH,2202.65
2022-05-24,Watch,MUMBAI,MAHARASHTRA,3084.08
2022-06-18,Perfume,MUMBAI,MAHARASHTRA,984.04
2022-06-29,Perfume,NEW DELHI,DELHI,1820.01
2022-02-16,Blazzer,AHMEDABAD,GUJARAT,3320.99
2022-01-18,Blazzer,SURAT,GUJARAT,3202.54
2022-01-08,Shirt,SURAT,GUJARAT,2699.37
2022-04-07,Socks,GURUGRAM,HARYANA,1770.39
2022-04-05,Perfume,SURAT,GUJARAT,1689.48
2022-05-26,Shirt,MUMBAI,MAHARASHTRA,862.34
2022-06-08,T-shirt,JAIPUR,RAJASTHAN,499.75
2022-04-24,Socks,GURUGRAM,HARYANA,3074.67
2022-04-17,Perfume,HYDERABAD,TELANGANA,3799.22
2022-01-30,Wallet,PUNE,MAHARASHTRA,643.36
2022-06-23,Shoes,KOCHI,KERALA,3368.95
2022-01-12,Trousers,PUNE,MAHARASHTRA,4923.78
2022-01-15,T-shirt,HYDERABAD,TELANGANA,1576.95
2022-02-24,Blazzer,BHOPAL,MADHYA PRADESH,1352.05
2022-03-25,Shirt,MUMBAI,MAHARASHTRA,2537.19
2022-04-21,Blazzer,CHENNAI,TAMIL NADU,1963.02
2022-06-30,Trousers,KOCHI,KERALA,2837.75
2022-06-21,Wallet,BENGALURU,KARNATAKA,2045.65
2022-01-11,Socks,MUMBAI,MAHARASHTRA,2352.8
2022-01-20,Wallet,AHMEDABAD,GUJARAT,2203.49
2022-04-14,Socks,KOLKATA,WEST BENGAL,664.35
2022-01-06,Wallet,CHENNAI,TAMIL NADU,4026.48
2022-06-08,Shoes,LUCKNOW,UTTAR PRADESH,3479.09
2022-04-03,Shirt,PUNE,MAHARASHTRA,4237.97
2022-03-04,Socks,AHMEDABAD,GUJARAT,2062.2
2022-01-21,Socks,LUCKNOW,UTTAR PRADESH,1620.35
2022-03-28,Trousers,NEW DELHI,DELHI,3917.68
2022-01-20,Watch,JAIPUR,RAJASTHAN,658.73
2022-05-11,Trousers,BHOPAL,MADHYA PRADESH,1811.94
2022-06-15,Blazzer,HYDERABAD,TELANGANA,603.74
2022-03-07,Trousers,CHENNAI,TAMIL NADU,3051.76
2022-06-17,Shirt,CHENNAI,TAMIL NADU,4761.33
2022-06-10,Shoes,GURUGRAM,HARYANA,3796.78
2022-05-29,Shoes,JAIPUR,RAJASTHAN,4628.36
2022-05-25,Wallet,LUCKNOW,UTTAR PRADESH,4857.77
2022-03-22,Blazzer,GURUGRAM,HARYANA,434.6
2022-04-24,Perfume,BHOPAL,MADHYA PRADESH,1445.9
2022-01-15,Wallet,KOCHI,KERALA,463.53
2022-04-29,Shoes,MUMBAI,MAHARASHTRA,378.76
2022-03-15,Shirt,JAIPUR,RAJASTHAN,4334.83
2022-01-24,Watch,PUNE,MAHARASHTRA,2367.29
2022-05-22,T-shirt,GURUGRAM,HARYANA,4554.34
2022-05-27,Trousers,NEW DELHI,DELHI,3064.53
2022-05-09,Blazzer,MUMBAI,MAHARASHTRA,2307.56
2022-03-29,Shirt,KOCHI,KERALA,3266.02
2022-01-11,Trousers,SURAT,GUJARAT,2245.02
2022-04-23,Watch,KOCHI,KERALA,3088.05
2022-04-04,Wallet,KOLKATA,WEST BENGAL,1998.34
2022-03-28,T-shirt,BHOPAL,MADHYA PRADESH,3191.34
2022-03-27,Shirt,NEW DELHI,DELHI,563.08
2022-06-23,Socks,KOLKATA,WEST BENGAL,1334.78
2022-06-18,Blazzer,NEW DELHI,DELHI,499.36
2022-06-19,Blazzer,NEW DELHI,DELHI,1620.14
2022-06-17,Socks,CHENNAI,TAMIL NADU,3015.7
2022-01-22,Perfume,KOCHI,KERALA,1945.73
2022-03-26,Blazzer,JAIPUR,RAJASTHAN,3543.87
2022-06-25,Watch,BENGALURU,KARNATAKA,3265.52
2022-04-19,Watch,NEW DELHI,DELHI,189.33
2022-03-21,Blazzer,HYDERABAD,TELANGANA,1774.49
2022-05-05,Trousers,HYDERABAD,TELANGANA,4999.89
2022-02-09,Shirt,KOLKATA,WEST BENGAL,4237.7
2022-01-26,Watch,BHOPAL,MADHYA PRADESH,2744.88
2022-05-15,T-shirt,JAIPUR,RAJASTHAN,1750.15
2022-06-08,Blazzer,AHMEDABAD,GUJARAT,1945.93
2022-02-11,Blazzer,LUCKNOW,UTTAR PRADESH,3494.94
2022-06-09,Blazzer,SURAT,GUJARAT,2244.6
2022-04-16,Wallet,JAIPUR,RAJASTHAN,3625.97
2022-04-24,Perfume,BHOPAL,MADHYA PRADESH,3767.83
2022-04-25,Trousers,KOCHI,KERALA,1271.93
2022-05-01,Trousers,NEW DELHI,DELHI,3423.7
2022-05-27,Shoes,GURUGRAM,HARYANA,3870.25
2022-04-08,Watch,KOCHI,KERALA,2151.44
2022-02-11,Trousers,BHOPAL,MADHYA PRADESH,3062.85
2022-03-06,T-shirt,JAIPUR,RAJASTHAN,2454.89
2022-04-06,Watch,BENGALURU,KARNATAKA,3585.86
2022-05-13,Shirt,KOLKATA,WEST BENGAL,510.99
2022-02-11,Perfume,GURUGRAM,HARYANA,4536.0
2022-02-07,Socks,BENGALURU,KARNATAKA,4737.42
2022-02-26,Shoes,NEW DELHI,DELHI,4659.31
2022-04-17,T-shirt,PUNE,MAHARASHTRA,2559.83
2022-03-02,Socks,BENGALURU,KARNATAKA,1937.07
2022-01-08,Wallet,BENGALURU,KARNATAKA,4211.96
2022-06-16,Wallet,BHOPAL,MADHYA PRADESH,815.64
2022-01-10,Perfume,LUCKNOW,UTTAR PRADESH,2415.03
2022-02-05,Shoes,GURUGRAM,HARYANA,3115.21
2022-01-21,T-shirt,KOLKATA,WEST BENGAL,1156.71
2022-02-08,Watch,SURAT,GUJARAT,3083.51
2022-04-19,Shirt,BHOPAL,MADHYA PRADESH,1511.7
2022-03-19,Shirt,MUMBAI,MAHARASHTRA,1268.35
2022-06-13,Shoes,BENGALURU,KARNATAKA,643.2
2022-05-08,Watch,MUMBAI,MAHARASHTRA,3196.58
2022-05-28,Trousers,SURAT,GUJARAT,803.53
2022-04-20,T-shirt,AHMEDABAD,GUJARAT,1828.8
2022-05-27,Socks,CHENNAI,TAMIL NADU,3355.42
2022-01-22,Watch,NEW DELHI,DELHI,431.63
2022-05-15,Watch,KOCHI,KERALA,3953.42
2022-05-10,Watch,MUMBAI,MAHARASHTRA,2013.22
2022-05-01,T-shirt,JAIPUR,RAJASTHAN,1995.72
2022-04-06,Perfume,SURAT,GUJARAT,179.59
2022-01-18,Wallet,HYDERABAD,TELANGANA,3691.41
2022-06-10,Shirt,BHOPAL,MADHYA PRADESH,2951.33
2022-03-27,Blazzer,MUMBAI,MAHARASHTRA,1826.27
2022-03-28,Blazzer,LUCKNOW,UTTAR PRADESH,3917.8
2022-04-29,Shoes,JAIPUR,RAJASTHAN,993.16
2022-02-04,Shirt,SURAT,GUJARAT,3903.33
2022-04-28,T-shirt,KOLKATA,WEST BENGAL,1087.8
2022-02-21,T-shirt,NEW DELHI,DELHI,4673.52
2022-05-12,Socks,LUCKNOW,UTTAR PRADESH,2760.85
2022-03-06,T-shirt,BHOPAL,MADHYA PRADESH,3269.81
2022-03-15,Wallet,LUCKNOW,UTTAR PRADESH,3926.12
2022-06-17,Wallet,KOLKATA,WEST BENGAL,709.93
2022-04-05,Socks,PUNE,MAHARASHTRA,3742.21
2022-04-09,Wallet,CHENNAI,TAMIL NADU,2531.4
2022-05-08,Wallet,BHOPAL,MADHYA PRADESH,2644.45
2022-01-22,Socks,BENGALURU,KARNATAKA,2209.98
2022-02-16,Watch,KOLKATA,WEST BENGAL,1673.94
2022-01-21,Wallet,JAIPUR,RAJASTHAN,1548.64
2022-04-25,Socks,CHENNAI,TAMIL NADU,3479.85
2022-03-31,Shoes,MUMBAI,MAHARASHTRA,3661.39
2022-04-01,Socks,KOLKATA,WEST BENGAL,3233.4
2022-01-15,Shirt,JAIPUR,RAJASTHAN,3223.81
2022-04-04,Watch,BHOPAL,MADHYA PRADESH,3774.5
2022-02-10,T-shirt,CHENNAI,TAMIL NADU,4258.48
2022-06-23,Shoes,MUMBAI,MAHARASHTRA,718.53
2022-03-02,Wallet,NEW DELHI,DELHI,1975.99
2022-05-26,T-shirt,AHMEDABAD,GUJARAT,851.85
2022-04-26,Wallet,NEW DELHI,DELHI,2275.3
2022-01-20,Blazzer,KOCHI,KERALA,1898.05
2022-03-22,Perfume,HYDERABAD,TELANGANA,4806.55
2022-01-07,Blazzer,GURUGRAM,HARYANA,2636.95
2022-05-24,Shirt,KOLKATA,WEST BENGAL,3897.33
2022-06-30,Shoes,HYDERABAD,TELANGANA,4982.19
2022-03-15,Shoes,HYDERABAD,TELANGANA,700.92
2022-01-19,Shoes,CHENNAI,TAMIL NADU,4503.53
2022-04-24,Shirt,BHOPAL,MADHYA PRADESH,3441.45
2022-03-23,Wallet,SURAT,GUJARAT,418.2
2022-05-19,Perfume,KOLKATA,WEST BENGAL,4271.67
2022-06-29,Blazzer,BHOPAL,MADHYA PRADESH,1871.31
2022-02-27,Shirt,HYDERABAD,TELANGANA,3981.12
2022-03-02,Shoes,MUMBAI,MAHARASHTRA,1868.39
2022-05-27,Wallet,GURUGRAM,HARYANA,4037.94
2022-05-22,Blazzer,AHMEDABAD,GUJARAT,4432.81
2022-01-17,Perfume,PUNE,MAHARASHTRA,4998.02
2022-05-03,Watch,PUNE,MAHARASHTRA,3868.91
2022-05-28,Shirt,CHENNAI,TAMIL NADU,4864.66
2022-06-14,Shirt,GURUGRAM,HARYANA,2382.58
2022-05-13,Wallet,CHENNAI,TAMIL NADU,4402.0
2022-05-22,Blazzer,BHOPAL,MADHYA PRADESH,4834.7
2022-04-21,Watch,LUCKNOW,UTTAR PRADESH,371.52
2022-02-01,Watch,CHENNAI,TAMIL NADU,1590.21
2022-02-11,Wallet,SURAT,GUJARAT,1204.8
2022-05-13,Perfume,LUCKNOW,UTTAR PRADESH,486.41
2022-02-20,Watch,KOLKATA,WEST BENGAL,713.33
2022-03-19,Watch,BENGALURU,KARNATAKA,2562.61
2022-02-13,Blazzer,CHENNAI,TAMIL NADU,3327.79
2022-06-04,Wallet,LUCKNOW,UTTAR PRADESH,4627.26
2022-01-11,T-shirt,BENGALURU,KARNATAKA,322.76
2022-06-14,Perfume,JAIPUR,RAJASTHAN,1132.96
2022-05-27,Socks,AHMEDABAD,GUJARAT,3231.06
2022-05-08,Watch,KOLKATA,WEST BENGAL,3245.35
2022-03-19,Shoes,HYDERABAD,TELANGANA,4042.97
2022-06-25,Socks,KOLKATA,WEST BENGAL,2322.37
2022-06-26,T-shirt,CHENNAI,TAMIL NADU,2254.07
2022-05-04,Shoes,HYDERABAD,TELANGANA,1766.94
2022-02-06,Wallet,LUCKNOW,UTTAR PRADESH,3619.98
2022-03-30,Socks,CHENNAI,TAMIL NADU,3827.26
2022-05-12,Watch,BENGALURU,KARNATAKA,1663.67
2022-04-30,Shirt,KOLKATA,WEST BENGAL,2303.02
2022-02-06,Shirt,MUMBAI,MAHARASHTRA,1522.04
2022-04-09,Socks,HYDERABAD,TELANGANA,4817.16
2022-02-10,Wallet,AHMEDABAD,GUJARAT,3633.53
2022-02-18,Blazzer,GURUGRAM,HARYANA,4980.25
2022-04-30,Shoes,KOLKATA,WEST BENGAL,2537.11
2022-01-24,Socks,KOCHI,KERALA,2340.43
2022-03-03,Trousers,AHMEDABAD,GUJARAT,1829.19
2022-01-13,Perfume,GURUGRAM,HARYANA,3027.84
2022-06-17,Shoes,KOLKATA,WEST BENGAL,2729.78
2022-01-28,Socks,CHENNAI,TAMIL NADU,4424.03
2022-04-04,Socks,NEW DELHI,DELHI,321.69
2022-01-14,Watch,HYDERABAD,TELANGANA,1876.37
2022-03-15,Shirt,PUNE,MAHARASHTRA,2570.85
2022-05-21,Perfume,LUCKNOW,UTTAR PRADESH,4946.54
2022-06-24,Shirt,CHENNAI,TAMIL NADU,4877.91
2022-04-11,Wallet,BHOPAL,MADHYA PRADESH,4935.26
2022-05-23,Wallet,BHOPAL,MADHYA PRADESH,806.91
2022-06-04,Watch,PUNE,MAHARASHTRA,2550.38
2022-01-12,T-shirt,CHENNAI,TAMIL NADU,3596.6
2022-05-02,Watch,GURUGRAM,HARYANA,829.81
2022-05-12,Blazzer,NEW DELHI,DELHI,4663.71
2022-03-23,Blazzer,PUNE,MAHARASHTRA,4954.02
2022-03-18,Wallet,KOCHI,KERALA,4158.62
2022-05-17,Shoes,SURAT,GUJARAT,2858.33
2022-05-02,T-shirt,NEW DELHI,DELHI,1723.07
2022-01-29,Socks,AHMEDABAD,GUJARAT,1607.62
2022-06-26,T-shirt,AHMEDABAD,GUJARAT,2425.49
2022-06-17,Trousers,SURAT,GUJARAT,351.64
2022-05-03,Blazzer,KOCHI,KERALA,3182.22
2022-06-08,Socks,CHENNAI,TAMIL NADU,4126.14
2022-03-04,T-shirt,AHMEDABAD,GUJARAT,4746.21
2022-01-29,Trousers,MUMBAI,MAHARASHTRA,2261.09
2022-04-18,Blazzer,PUNE,MAHARASHTRA,3483.45
2022-04-16,Watch,BHOPAL,MADHYA PRADESH,3096.24
2022-05-01,T-shirt,SURAT,GUJARAT,776.6
2022-02-23,Watch,NEW DELHI,DELHI,4990.8
2022-05-03,Watch,PUNE,MAHARASHTRA,1637.39
2022-02-14,Shoes,KOCHI,KERALA,1777.4
2022-04-01,Perfume,AHMEDABAD,GUJARAT,2472.48
2022-03-05,Perfume,KOCHI,KERALA,1562.65
2022-03-18,Perfume,SURAT,GUJARAT,1115.66
2022-06-30,Shoes,NEW DELHI,DELHI,2451.04
2022-05-24,Perfume,KOLKATA,WEST BENGAL,697.18
2022-06-23,Watch,PUNE,MAHARASHTRA,4489.23
2022-04-12,Wallet,BHOPAL,MADHYA PRADESH,4042.62
2022-03-16,T-shirt,KOLKATA,WEST BENGAL,4781.04
2022-01-21,Wallet,GURUGRAM,HARYANA,3314.26
2022-05-03,Trousers,HYDERABAD,TELANGANA,4156.96
2022-03-11,Watch,SURAT,GUJARAT,1430.95
2022-01-28,Trousers,HYDERABAD,TELANGANA,348.75
2022-05-16,Trousers,JAIPUR,RAJASTHAN,1240.9
2022-01-26,Socks,NEW DELHI,DELHI,3615.05
2022-01-26,Blazzer,MUMBAI,MAHARASHTRA,4826.14
2022-02-10,Socks,JAIPUR,RAJASTHAN,4681.66
2022-05-02,Shoes,JAIPUR,RAJASTHAN,1077.33
2022-03-15,Wallet,KOLKATA,WEST BENGAL,3264.9
2022-01-23,Trousers,KOCHI,KERALA,3719.56
2022-01-10,Blazzer,PUNE,MAHARASHTRA,4423.0
2022-02-15,T-shirt,LUCKNOW,UTTAR PRADESH,2045.27
2022-05-07,Blazzer,SURAT,GUJARAT,4814.44
2022-03-16,T-shirt,MUMBAI,MAHARASHTRA,1562.12
2022-06-04,Shirt,NEW DELHI,DELHI,1494.35
2022-06-14,Watch,KOCHI,KERALA,2520.17
2022-02-04,Watch,GURUGRAM,HARYANA,1436.9
2022-01-29,Wallet,CHENNAI,TAMIL NADU,3682.48
2022-06-15,Perfume,SURAT,GUJARAT,1012.38
2022-03-28,Perfume,AHMEDABAD,GUJARAT,3404.57
2022-02-19,Blazzer,AHMEDABAD,GUJARAT,4295.12
2022-04-14,Socks,KOCHI,KERALA,1706.84
2022-04-13,Shirt,CHENNAI,TAMIL NADU,4910.26
2022-05-03,Wallet,HYDERABAD,TELANGANA,133.47
2022-04-09,Trousers,GURUGRAM,HARYANA,3793.41
2022-03-26,Perfume,AHMEDABAD,GUJARAT,3642.12
2022-01-03,Perfume,JAIPUR,RAJASTHAN,1861.81
2022-03-02,T-shirt,JAIPUR,RAJASTHAN,679.3
2022-03-20,Blazzer,PUNE,MAHARASHTRA,3461.76
2022-06-30,Perfume,SURAT,GUJARAT,675.34
2022-03-17,Wallet,AHMEDABAD,GUJARAT,1182.16
2022-02-04,Shoes,CHENNAI,TAMIL NADU,2329.4
2022-06-05,Wallet,PUNE,MAHARASHTRA,3539.51
2022-05-01,Watch,BHOPAL,MADHYA PRADESH,3354.06
2022-02-25,Trousers,JAIPUR,RAJASTHAN,3798.22
2022-01-21,Watch,GURUGRAM,HARYANA,2688.05
2022-04-03,Shirt,AHMEDABAD,GUJARAT,649.82
2022-05-21,Watch,HYDERABAD,TELANGANA,2906.24
2022-02-08,Blazzer,NEW DELHI,DELHI,4286.98
2022-04-24,Shirt,JAIPUR,RAJASTHAN,1106.47
2022-05-30,Shoes,BENGALURU,KARNATAKA,4504.56
2022-04-25,T-shirt,GURUGRAM,HARYANA,746.53
2022-04-17,Shoes,AHMEDABAD,GUJARAT,382.91
2022-04-29,Perfume,SURAT,GUJARAT,206.68
2022-03-07,T-shirt,SURAT,GUJARAT,1167.72
2022-01-19,T-shirt,PUNE,MAHARASHTRA,1788.19
2022-01-17,Watch,MUMBAI,MAHARASHTRA,4679.46
2022-01-18,Shoes,MUMBAI,MAHARASHTRA,1506.74
2022-02-16,Blazzer,BHOPAL,MADHYA PRADESH,3243.47
2022-06-15,Socks,NEW DELHI,DELHI,4965.0
2022-04-08,Shoes,LUCKNOW,UTTAR PRADESH,4593.86
2022-04-07,Socks,BENGALURU,KARNATAKA,3445.38
2022-06-19,Watch,CHENNAI,TAMIL NADU,3302.32
2022-03-31,Shirt,CHENNAI,TAMIL NADU,4964.95
2022-04-11,Watch,CHENNAI,TAMIL NADU,3666.5
2022-02-27,T-shirt,BHOPAL,MADHYA PRADESH,211.4
2022-03-18,Shoes,JAIPUR,RAJASTHAN,3623.56
2022-04-19,Watch,PUNE,MAHARASHTRA,4134.47
2022-03-05,Shoes,NEW DELHI,DELHI,860.09
2022-02-18,Shirt,MUMBAI,MAHARASHTRA,4066.44
2022-04-18,T-shirt,HYDERABAD,TELANGANA,1109.8
2022-01-26,T-shirt,GURUGRAM,HARYANA,3029.15
2022-06-30,T-shirt,HYDERABAD,TELANGANA,3728.65
2022-04-13,Shoes,HYDERABAD,TELANGANA,2744.82
2022-01-15,Blazzer,KOCHI,KERALA,4968.07
2022-03-01,Wallet,AHMEDABAD,GUJARAT,3029.8
2022-06-22,Wallet,HYDERABAD,TELANGANA,1578.65
2022-02-06,Watch,HYDERABAD,TELANGANA,2126.45
2022-03-12,T-shirt,KOCHI,KERALA,4747.75
2022-02-14,Socks,KOCHI,KERALA,2528.54
2022-03-30,Socks,BHOPAL,MADHYA PRADESH,2669.87
2022-06-28,Socks,PUNE,MAHARASHTRA,831.17
2022-04-07,Blazzer,BHOPAL,MADHYA PRADESH,2735.85
2022-03-03,Trousers,KOLKATA,WEST BENGAL,4301.95
2022-02-06,Shoes,MUMBAI,MAHARASHTRA,2855.69
2022-04-17,Watch,KOCHI,KERALA,757.05
2022-03-04,Perfume,HYDERABAD,TELANGANA,1718.29
2022-01-21,Shoes,LUCKNOW,UTTAR PRADESH,1918.28
2022-05-18,Trousers,MUMBAI,MAHARASHTRA,1415.46
2022-06-22,T-shirt,LUCKNOW,UTTAR PRADESH,456.64
2022-05-31,Watch,HYDERABAD,TELANGANA,2449.03
2022-03-27,Perfume,MUMBAI,MAHARASHTRA,1137.86
2022-02-18,Shirt,SURAT,GUJARAT,4997.9
2022-05-03,Trousers,SURAT,GUJARAT,3061.57
2022-02-22,Socks,HYDERABAD,TELANGANA,2805.19
2022-03-14,Socks,GURUGRAM,HARYANA,2714.89
2022-04-02,Perfume,KOLKATA,WEST BENGAL,1862.26
2022-05-08,Shoes,BENGALURU,KARNATAKA,4033.8
2022-05-01,Wallet,HYDERABAD,TELANGANA,1916.45
2022-04-16,T-shirt,AHMEDABAD,GUJARAT,4334.02
2022-02-07,T-shirt,KOLKATA,WEST BENGAL,2811.23
2022-05-30,Socks,KOLKATA,WEST BENGAL,846.82
2022-03-26,Trousers,PUNE,MAHARASHTRA,2891.97
2022-03-04,Shoes,KOCHI,KERALA,3307.58
2022-06-25,Wallet,KOLKATA,WEST BENGAL,3840.47
2022-05-06,Shoes,GURUGRAM,HARYANA,924.34
2022-04-01,Blazzer,CHENNAI,TAMIL NADU,3629.54
2022-05-06,Blazzer,KOCHI,KERALA,4952.59
2022-01-16,Watch,MUMBAI,MAHARASHTRA,4211.44
2022-01-20,T-shirt,BHOPAL,MADHYA PRADESH,131.28
2022-02-05,Trousers,BENGALURU,KARNATAKA,3565.13
2022-01-03,Trousers,KOCHI,KERALA,2334.45
2022-01-16,Shoes,JAIPUR,RAJASTHAN,2490.49
2022-01-02,Watch,KOCHI,KERALA,2115.56
2022-01-05,Watch,SURAT,GUJARAT,1446.23
2022-03-15,T-shirt,KOCHI,KERALA,4084.47
2022-06-22,Socks,BHOPAL,MADHYA PRADESH,4704.59
2022-02-15,Shirt,BENGALURU,KARNATAKA,2669.49
2022-03-03,Trousers,AHMEDABAD,GUJARAT,2679.63
2022-04-01,Perfume,BHOPAL,MADHYA PRADESH,2044.79
2022-04-06,Socks,GURUGRAM,HARYANA,2868.51
2022-06-28,Trousers,KOLKATA,WEST BENGAL,3451.8
2022-01-21,T-shirt,BENGALURU,KARNATAKA,2085.86
2022-04-07,Watch,GURUGRAM,HARYANA,374.96
2022-01-03,Blazzer,BENGALURU,KARNATAKA,2549.31
2022-04-22,Wallet,AHMEDABAD,GUJARAT,4888.91
2022-01-25,Watch,MUMBAI,MAHARASHTRA,1225.86
2022-06-27,Shoes,KOLKATA,WEST BENGAL,328.15
2022-01-20,Perfume,KOCHI,KERALA,2861.2
2022-01-09,Blazzer,LUCKNOW,UTTAR PRADESH,1640.97
2022-02-23,Blazzer,BHOPAL,MADHYA PRADESH,4121.38
2022-04-12,Shirt,KOLKATA,WEST BENGAL,896.01
2022-03-03,Socks,JAIPUR,RAJASTHAN,4492.98
2022-03-26,Socks,BHOPAL,MADHYA PRADESH,3724.75
2022-06-26,Shirt,KOCHI,KERALA,3752.74
2022-03-30,T-shirt,BENGALURU,KARNATAKA,2241.73
2022-01-20,Wallet,AHMEDABAD,GUJARAT,3868.13
2022-06-02,Socks,BHOPAL,MADHYA PRADESH,1699.25
2022-06-12,Perfume,BHOPAL,MADHYA PRADESH,4963.67
2022-05-06,Trousers,NEW DELHI,DELHI,2809.88
2022-04-07,Socks,CHENNAI,TAMIL NADU,3430.5
2022-06-19,Socks,BENGALURU,KARNATAKA,3883.62
2022-03-17,Trousers,SURAT,GUJARAT,460.18
2022-03-10,Blazzer,PUNE,MAHARASHTRA,3587.22
2022-06-12,Blazzer,SURAT,GUJARAT,2009.15
2022-04-03,Shirt,BENGALURU,KARNATAKA,125.46
2022-03-20,Shoes,NEW DELHI,DELHI,3830.6
2022-01-27,Blazzer,BENGALURU,KARNATAKA,1018.22
2022-04-25,Watch,KOCHI,KERALA,2610.96
2022-01-27,T-shirt,BENGALURU,KARNATAKA,1834.18
2022-01-24,Wallet,LUCKNOW,UTTAR PRADESH,1987.67
2022-03-16,Socks,PUNE,MAHARASHTRA,3917.93
2022-05-24,Trousers,AHMEDABAD,GUJARAT,2653.41
2022-06-25,Socks,CHENNAI,TAMIL NADU,780.32
2022-03-19,Perfume,GURUGRAM,HARYANA,815.08
2022-02-12,Socks,KOLKATA,WEST BENGAL,2163.4
2022-05-04,Shirt,NEW DELHI,DELHI,1333.33
2022-03-05,Shoes,AHMEDABAD,GUJARAT,3121.68
2022-04-28,Shirt,CHENNAI,TAMIL NADU,1592.82
2022-04-12,Wallet,LUCKNOW,UTTAR PRADESH,3138.94
2022-03-26,Shoes,NEW DELHI,DELHI,2210.02
2022-06-16,Blazzer,KOLKATA,WEST BENGAL,1671.26
2022-06-27,Trousers,GURUGRAM,HARYANA,1639.5
2022-04-12,Wallet,KOLKATA,WEST BENGAL,3700.88
2022-06-12,Shoes,AHMEDABAD,GUJARAT,3931.67
2022-03-25,Socks,KOLKATA,WEST BENGAL,4100.82
2022-04-11,Wallet,BENGALURU,KARNATAKA,4667.13
2022-02-21,Watch,CHENNAI,TAMIL NADU,3440.39
2022-05-21,T-shirt,SURAT,GUJARAT,2361.95
2022-02-23,Shoes,BHOPAL,MADHYA PRADESH,1527.52
2022-06-27,Shirt,LUCKNOW,UTTAR PRADESH,4254.16
2022-04-15,Shoes,CHENNAI,TAMIL NADU,3203.35
2022-03-03,Perfume,JAIPUR,RAJASTHAN,855.3
2022-04-19,Socks,BENGALURU,KARNATAKA,2300.43
2022-06-03,Shoes,AHMEDABAD,GUJARAT,2063.94
2022-05-10,Socks,KOCHI,KERALA,280.15
2022-04-03,Watch,AHMEDABAD,GUJARAT,3227.08
2022-01-22,Shirt,BHOPAL,MADHYA PRADESH,1316.33
2022-06-20,Wallet,CHENNAI,TAMIL NADU,3270.3
2022-01-12,Socks,BHOPAL,MADHYA PRADESH,1724.82
2022-04-21,Shirt,MUMBAI,MAHARASHTRA,583.17
2022-02-26,Watch,SURAT,GUJARAT,2642.11
2022-05-29,Trousers,GURUGRAM,HARYANA,1933.19
2022-04-29,Watch,CHENNAI,TAMIL NADU,1790.34
2022-01-07,Shoes,BENGALURU,KARNATAKA,1547.62
2022-01-22,Shirt,LUCKNOW,UTTAR PRADESH,4709.31
2022-02-06,Wallet,KOLKATA,WEST BENGAL,1781.03
2022-02-22,Watch,GURUGRAM,HARYANA,1806.67
2022-01-25,Shoes,SURAT,GUJARAT,3514.14
2022-03-23,Shirt,KOLKATA,WEST BENGAL,318.95
2022-01-30,T-shirt,LUCKNOW,UTTAR PRADESH,1781.08
2022-01-28,Blazzer,SURAT,GUJARAT,1295.17
2022-02-14,Watch,CHENNAI,TAMIL NADU,1721.85
2022-04-20,Shoes,HYDERABAD,TELANGANA,4009.0
2022-06-11,Blazzer,CHENNAI,TAMIL NADU,3238.35
2022-04-21,Socks,MUMBAI,MAHARASHTRA,3713.2
2022-02-20,Shoes,AHMEDABAD,GUJARAT,2204.81
2022-01-02,Trousers,HYDERABAD,TELANGANA,1463.89
2022-06-30,Shirt,AHMEDABAD,GUJARAT,598.59
2022-05-18,Blazzer,NEW DELHI,DELHI,1697.33
2022-04-28,Shirt,KOLKATA,WEST BENGAL,3386.44
2022-05-06,Watch,JAIPUR,RAJASTHAN,1635.68
2022-04-10,Socks,AHMEDABAD,GUJARAT,659.74
2022-04-01,Shoes,AHMEDABAD,GUJARAT,945.38
2022-06-22,Perfume,AHMEDABAD,GUJARAT,2991.82
2022-06-22,Blazzer,NEW DELHI,DELHI,677.52
2022-03-20,Shirt,CHENNAI,TAMIL NADU,1929.2
2022-02-06,Watch,PUNE,MAHARASHTRA,2149.37
2022-02-05,Socks,PUNE,MAHARASHTRA,1010.19
2022-06-12,Watch,SURAT,GUJARAT,4603.89
2022-02-14,Watch,CHENNAI,TAMIL NADU,2499.25
2022-02-05,Blazzer,NEW DELHI,DELHI,4225.73
2022-06-08,T-shirt,LUCKNOW,UTTAR PRADESH,1859.29
2022-01-03,Shoes,CHENNAI,TAMIL NADU,1056.13
2022-04-09,Watch,KOCHI,KERALA,3300.04
2022-04-15,Shoes,PUNE,MAHARASHTRA,3579.7
2022-04-24,Shoes,CHENNAI,TAMIL NADU,505.09
2022-01-08,Trousers,KOLKATA,WEST BENGAL,260.21
2022-02-27,Watch,KOLKATA,WEST BENGAL,924.22
2022-04-28,Shoes,KOCHI,KERALA,2602.95
2022-05-27,Shirt,KOLKATA,WEST BENGAL,3898.05
2022-04-04,Watch,LUCKNOW,UTTAR PRADESH,3808.25
2022-04-23,Watch,HYDERABAD,TELANGANA,4949.9
2022-01-27,Trousers,KOLKATA,WEST BENGAL,4386.57
2022-01-09,Shoes,KOLKATA,WEST BENGAL,1808.03
2022-01-23,Shoes,LUCKNOW,UTTAR PRADESH,4970.39
2022-03-02,Trousers,BHOPAL,MADHYA PRADESH,3714.3
2022-06-26,Wallet,LUCKNOW,UTTAR PRADESH,3582.69
2022-06-11,Socks,CHENNAI,TAMIL NADU,3119.14
2022-02-22,Trousers,BHOPAL,MADHYA PRADESH,390.85
2022-03-31,Watch,KOLKATA,WEST BENGAL,3024.6
2022-02-13,Wallet,SURAT,GUJARAT,1533.91
2022-05-27,Perfume,LUCKNOW,UTTAR PRADESH,2620.63
2022-06-23,Shirt,CHENNAI,TAMIL NADU,4817.58
2022-04-16,T-shirt,KOLKATA,WEST BENGAL,4348.53
2022-02-02,Blazzer,HYDERABAD,TELANGANA,816.59
2022-03-24,Trousers,BHOPAL,MADHYA PRADESH,4233.42
2022-04-11,Shoes,CHENNAI,TAMIL NADU,2929.39
2022-03-10,Socks,PUNE,MAHARASHTRA,2314.76
2022-06-12,Shirt,PUNE,MAHARASHTRA,2626.51
2022-03-13,Wallet,GURUGRAM,HARYANA,4756.24
2022-03-25,T-shirt,LUCKNOW,UTTAR PRADESH,3893.26
2022-01-24,Shoes,JAIPUR,RAJASTHAN,3354.3
2022-04-02,Shirt,BHOPAL,MADHYA PRADESH,2718.68
2022-02-25,Socks,LUCKNOW,UTTAR PRADESH,1138.07
2022-03-10,Wallet,LUCKNOW,UTTAR PRADESH,1489.61
2022-05-21,Blazzer,AHMEDABAD,GUJARAT,4276.87
2022-03-29,T-shirt,MUMBAI,MAHARASHTRA,587.92
2022-04-28,T-shirt,BENGALURU,KARNATAKA,4654.22
2022-02-10,Shoes,GURUGRAM,HARYANA,103.31
2022-04-20,Trousers,SURAT,GUJARAT,4556.1
2022-06-16,Perfume,CHENNAI,TAMIL NADU,4384.67
2022-03-12,Shirt,JAIPUR,RAJASTHAN,1866.13
2022-01-22,Wallet,JAIPUR,RAJASTHAN,4528.62
2022-02-12,T-shirt,PUNE,MAHARASHTRA,3165.46
2022-06-29,Trousers,PUNE,MAHARASHTRA,3311.88
2022-06-30,Shirt,MUMBAI,MAHARASHTRA,1145.76
2022-01-20,Blazzer,AHMEDABAD,GUJARAT,1208.34
2022-06-24,Shoes,MUMBAI,MAHARASHTRA,139.51
2022-03-29,Shirt,LUCKNOW,UTTAR PRADESH,2169.34
2022-02-03,Shoes,BENGALURU,KARNATAKA,1221.84
2022-01-23,Shirt,BENGALURU,KARNATAKA,1635.42
2022-03-18,Blazzer,PUNE,MAHARASHTRA,3889.96
2022-02-04,Blazzer,BENGALURU,KARNATAKA,2699.49
2022-01-03,Blazzer,GURUGRAM,HARYANA,1820.82
2022-02-24,Blazzer,PUNE,MAHARASHTRA,3118.77
2022-04-24,Trousers,BENGALURU,KARNATAKA,4493.31
2022-02-05,Shirt,AHMEDABAD,GUJARAT,3677.04
2022-03-31,Socks,NEW DELHI,DELHI,3976.28
2022-03-05,Perfume,JAIPUR,RAJASTHAN,512.82
2022-05-22,Perfume,BHOPAL,MADHYA PRADESH,4712.27
2022-01-07,Perfume,HYDERABAD,TELANGANA,2636.97
2022-05-11,Trousers,SURAT,GUJARAT,2019.58
2022-06-15,T-shirt,BHOPAL,MADHYA PRADESH,4499.77
2022-03-03,Shoes,PUNE,MAHARASHTRA,652.44
2022-05-08,Shirt,KOCHI,KERALA,4454.75
2022-01-04,Wallet,NEW DELHI,DELHI,746.72
2022-05-26,Socks,NEW DELHI,DELHI,2777.15
2022-02-14,Shoes,BHOPAL,MADHYA PRADESH,457.66
2022-05-31,Shirt,MUMBAI,MAHARASHTRA,1384.71
2022-01-11,T-shirt,BHOPAL,MADHYA PRADESH,2050.08
2022-03-15,Watch,BHOPAL,MADHYA PRADESH,2135.62
2022-06-29,Socks,BENGALURU,KARNATAKA,3238.63
2022-05-18,Blazzer,KOLKATA,WEST BENGAL,509.63
2022-01-21,Watch,HYDERABAD,TELANGANA,4874.14
2022-02-09,Watch,NEW DELHI,DELHI,2014.58
2022-06-12,Shirt,KOLKATA,WEST BENGAL,3523.51
2022-03-03,T-shirt,HYDERABAD,TELANGANA,522.44
2022-04-22,Shirt,GURUGRAM,HARYANA,3100.25
2022-01-15,Perfume,JAIPUR,RAJASTHAN,3734.3
2022-02-14,Shirt,MUMBAI,MAHARASHTRA,3568.71
2022-06-29,T-shirt,CHENNAI,TAMIL NADU,2532.42
2022-03-30,Watch,KOCHI,KERALA,3936.64
2022-03-08,Blazzer,NEW DELHI,DELHI,721.96
2022-03-10,Shirt,BHOPAL,MADHYA PRADESH,4509.5
2022-03-27,Socks,KOLKATA,WEST BENGAL,2666.89
2022-03-09,Shirt,GURUGRAM,HARYANA,2330.47
2022-04-03,T-shirt,GURUGRAM,HARYANA,4310.86
2022-02-12,Wallet,CHENNAI,TAMIL NADU,1350.07
2022-01-27,Shirt,HYDERABAD,TELANGANA,3729.82
2022-01-01,T-shirt,LUCKNOW,UTTAR PRADESH,4328.35
2022-03-04,T-shirt,GURUGRAM,HARYANA,1883.48
2022-02-08,Blazzer,LUCKNOW,UTTAR PRADESH,273.28
2022-06-17,Socks,HYDERABAD,TELANGANA,1676.83
2022-04-17,Wallet,KOLKATA,WEST BENGAL,4147.39
2022-05-27,Wallet,BENGALURU,KARNATAKA,2560.0
2022-01-14,Blazzer,HYDERABAD,TELANGANA,4041.26
2022-01-12,Socks,BENGALURU,KARNATAKA,4397.26
2022-03-14,Perfume,NEW DELHI,DELHI,523.29
2022-04-27,T-shirt,NEW DELHI,DELHI,1083.29
2022-05-25,Perfume,SURAT,GUJARAT,3151.32
2022-04-29,Wallet,AHMEDABAD,GUJARAT,4862.1
2022-02-20,Watch,BHOPAL,MADHYA PRADESH,4000.27
2022-02-08,T-shirt,PUNE,MAHARASHTRA,217.16
2022-05-19,Wallet,JAIPUR,RAJASTHAN,4213.91
2022-01-03,Wallet,MUMBAI,MAHARASHTRA,3818.75
2022-04-07,Perfume,BENGALURU,KARNATAKA,1105.45
2022-03-02,Socks,GURUGRAM,HARYANA,4809.81
2022-02-06,Perfume,BENGALURU,KARNATAKA,315.11
2022-03-01,Watch,PUNE,MAHARASHTRA,3534.15
2022-04-06,Shoes,SURAT,GUJARAT,516.02
2022-01-25,Watch,CHENNAI,TAMIL NADU,3222.36
2022-04-11,Shirt,AHMEDABAD,GUJARAT,2882.32
2022-04-22,Blazzer,HYDERABAD,TELANGANA,1529.21
2022-03-22,Socks,SURAT,GUJARAT,4176.31
2022-03-25,Wallet,GURUGRAM,HARYANA,1432.58
2022-01-20,Trousers,CHENNAI,TAMIL NADU,3921.69
2022-05-30,Shirt,CHENNAI,TAMIL NADU,617.72
2022-04-26,Shoes,NEW DELHI,DELHI,2091.91
2022-05-18,Wallet,BHOPAL,MADHYA PRADESH,1117.42
2022-03-20,Shoes,KOLKATA,WEST BENGAL,4277.16
2022-01-24,Blazzer,BHOPAL,MADHYA PRADESH,3461.67
2022-06-30,T-shirt,HYDERABAD,TELANGANA,4196.03
2022-03-25,Blazzer,BENGALURU,KARNATAKA,3584.67
2022-04-02,Socks,KOCHI,KERALA,339.86
2022-03-18,Perfume,LUCKNOW,UTTAR PRADESH,4954.32
2022-01-08,Socks,LUCKNOW,UTTAR PRADESH,2315.79
2022-05-21,Trousers,BENGALURU,KARNATAKA,2364.01
2022-02-05,Shirt,MUMBAI,MAHARASHTRA,402.18
2022-02-26,Blazzer,HYDERABAD,TELANGANA,4136.0
2022-04-06,Shirt,AHMEDABAD,GUJARAT,2971.98
2022-01-20,T-shirt,BENGALURU,KARNATAKA,1068.98
2022-06-15,Shoes,BHOPAL,MADHYA PRADESH,731.08
2022-03-26,Shirt,MUMBAI,MAHARASHTRA,4717.18
2022-01-13,Blazzer,AHMEDABAD,GUJARAT,2222.47
2022-04-12,Shoes,MUMBAI,MAHARASHTRA,1975.37
2022-04-20,Blazzer,NEW DELHI,DELHI,1152.11
2022-02-17,Perfume,KOLKATA,WEST BENGAL,2285.46
2022-02-08,T-shirt,AHMEDABAD,GUJARAT,3133.97
2022-03-04,Perfume,GURUGRAM,HARYANA,2118.76
2022-05-21,Shoes,MUMBAI,MAHARASHTRA,529.84
2022-04-09,Blazzer,PUNE,MAHARASHTRA,1077.34
2022-05-15,Trousers,JAIPUR,RAJASTHAN,4971.03
2022-05-20,T-shirt,PUNE,MAHARASHTRA,3931.39
2022-04-02,Shoes,KOCHI,KERALA,3929.03
2022-03-30,Watch,NEW DELHI,DELHI,2003.07
2022-02-16,T-shirt,NEW DELHI,DELHI,3025.87
2022-01-08,Perfume,MUMBAI,MAHARASHTRA,4062.4
2022-05-01,Watch,NEW DELHI,DELHI,3857.53
2022-03-01,Blazzer,BENGALURU,KARNATAKA,1314.5
2022-03-03,Perfume,KOCHI,KERALA,4099.8
2022-01-15,Trousers,AHMEDABAD,GUJARAT,4247.87
2022-04-10,Wallet,LUCKNOW,UTTAR PRADESH,4958.56
2022-02-14,Blazzer,HYDERABAD,TELANGANA,3003.35
2022-06-28,Wallet,AHMEDABAD,GUJARAT,238.21
2022-06-29,Wallet,AHMEDABAD,GUJARAT,2861.67
2022-05-25,Trousers,LUCKNOW,UTTAR PRADESH,4941.23
2022-05-07,Watch,KOLKATA,WEST BENGAL,960.23
2022-01-10,Shirt,MUMBAI,MAHARASHTRA,1239.85
2022-02-26,T-shirt,KOCHI,KERALA,2442.15
2022-03-26,Trousers,BHOPAL,MADHYA PRADESH,739.4
2022-02-15,Wallet,MUMBAI,MAHARASHTRA,207.37
2022-05-31,Blazzer,BHOPAL,MADHYA PRADESH,643.51
2022-05-15,Wallet,BENGALURU,KARNATAKA,1930.59
2022-06-19,Socks,AHMEDABAD,GUJARAT,595.06
2022-03-19,Wallet,CHENNAI,TAMIL NADU,4881.72
2022-04-22,Shoes,JAIPUR,RAJASTHAN,1654.69
2022-05-24,Wallet,HYDERABAD,TELANGANA,3361.11
2022-02-14,Socks,KOLKATA,WEST BENGAL,3696.58
2022-03-17,Blazzer,CHENNAI,TAMIL NADU,3671.27
2022-06-29,Socks,LUCKNOW,UTTAR PRADESH,4971.99
2022-05-26,T-shirt,CHENNAI,TAMIL NADU,3051.7
2022-06-06,Trousers,JAIPUR,RAJASTHAN,2871.2
2022-05-08,Blazzer,NEW DELHI,DELHI,3752.18
2022-03-02,Wallet,NEW DELHI,DELHI,922.65
2022-01-23,Wallet,GURUGRAM,HARYANA,155.84
2022-02-23,Trousers,SURAT,GUJARAT,432.19
2022-03-07,Shirt,SURAT,GUJARAT,106.28
2022-04-09,Shoes,SURAT,GUJARAT,2156.3
2022-02-12,Socks,GURUGRAM,HARYANA,4420.68
2022-03-31,Watch,PUNE,MAHARASHTRA,597.0
2022-05-03,Trousers,CHENNAI,TAMIL NADU,2311.31
2022-01-09,Perfume,MUMBAI,MAHARASHTRA,1661.71
2022-01-27,Shirt,NEW DELHI,DELHI,933.52
2022-04-07,Blazzer,SURAT,GUJARAT,467.51
2022-01-24,Wallet,AHMEDABAD,GUJARAT,4927.85
2022-05-04,T-shirt,PUNE,MAHARASHTRA,4717.97
2022-02-12,Socks,CHENNAI,TAMIL NADU,362.42
2022-03-26,Trousers,HYDERABAD,TELANGANA,2105.47
2022-05-22,Watch,KOLKATA,WEST BENGAL,3336.93
2022-03-18,Trousers,BENGALURU,KARNATAKA,343.21
2022-05-27,Watch,LUCKNOW,UTTAR PRADESH,2505.65
2022-01-14,Wallet,MUMBAI,MAHARASHTRA,2195.27
2022-03-17,Shoes,HYDERABAD,TELANGANA,575.24
2022-02-22,Blazzer,JAIPUR,RAJASTHAN,1529.88
2022-01-21,Shoes,LUCKNOW,UTTAR PRADESH,665.99
2022-04-12,Shoes,GURUGRAM,HARYANA,4484.9
2022-03-09,Shirt,JAIPUR,RAJASTHAN,2766.22
2022-02-17,Wallet,PUNE,MAHARASHTRA,1910.07
2022-04-25,T-shirt,KOLKATA,WEST BENGAL,2254.73
2022-03-09,Trousers,LUCKNOW,UTTAR PRADESH,1415.95
2022-01-16,Blazzer,BHOPAL,MADHYA PRADESH,3512.71
2022-01-25,Shirt,JAIPUR,RAJASTHAN,1784.58
2022-05-19,Socks,BHOPAL,MADHYA PRADESH,2989.66
2022-05-22,T-shirt,LUCKNOW,UTTAR PRADESH,1996.82
2022-05-14,Socks,KOCHI,KERALA,3466.63
2022-05-02,Trousers,GURUGRAM,HARYANA,1564.38
2022-04-12,T-shirt,KOCHI,KERALA,2898.98
2022-05-13,Blazzer,BENGALURU,KARNATAKA,4751.35
2022-04-25,Blazzer,CHENNAI,TAMIL NADU,4863.61
2022-02-19,Blazzer,MUMBAI,MAHARASHTRA,2174.54
2022-06-24,Socks,HYDERABAD,TELANGANA,4986.62
2022-06-10,Blazzer,LUCKNOW,UTTAR PRADESH,3015.73
2022-03-23,Shirt,BENGALURU,KARNATAKA,2001.69
2022-04-12,Watch,NEW DELHI,DELHI,4297.46
2022-05-14,Shoes,LUCKNOW,UTTAR PRADESH,160.58
2022-06-29,Watch,BHOPAL,MADHYA PRADESH,2156.01
2022-04-17,Blazzer,CHENNAI,TAMIL NADU,2876.31
2022-05-30,Shirt,BENGALURU,KARNATAKA,2857.15
2022-01-26,Perfume,LUCKNOW,UTTAR PRADESH,2724.6
2022-03-30,Socks,KOLKATA,WEST BENGAL,1976.91
2022-05-05,Shoes,MUMBAI,MAHARASHTRA,943.78
2022-04-14,Blazzer,AHMEDABAD,GUJARAT,3082.41
2022-06-27,Socks,MUMBAI,MAHARASHTRA,2039.38
2022-03-26,Trousers,MUMBAI,MAHARASHTRA,3754.17
2022-03-10,Wallet,MUMBAI,MAHARASHTRA,1755.54
2022-03-19,Perfume,KOLKATA,WEST BENGAL,4229.95
2022-06-28,Shirt,LUCKNOW,UTTAR PRADESH,1216.99
2022-03-18,Shoes,BHOPAL,MADHYA PRADESH,4146.53
2022-03-10,Socks,AHMEDABAD,GUJARAT,3263.22
2022-02-18,Shoes,HYDERABAD,TELANGANA,4575.82
2022-04-15,Shoes,BHOPAL,MADHYA PRADESH,2630.86
2022-04-06,T-shirt,KOCHI,KERALA,3978.3
